{
  "automation_test_track": [
    -1023.75,
    -1023.75,
    100
  ],
  "autotest": [
    -540.197021,
    -800,
    -1.39999998
  ],
  "Cliff": [
    -1024,
    -1024,
    0
  ],
  "derby": [
    -300,
    -300,
    0
  ],
  "driver_training": [
    -511.5,
    -511.5,
    28.2199993
  ],
  "east_coast_usa": [
    -1024,
    -1024,
    0
  ],
  "gridmap_v2": [
    -1023.5,
    -1023.5,
    50
  ],
  "hirochi_raceway": [
    -767.625,
    -767.625,
    2.54999995
  ],
  "Industrial": [
    -512,
    -512,
    0
  ],
  "italy": [
    -2048,
    -2048,
    100
  ],
  "jungle_rock_island": [
    -1024,
    -1024,
    100
  ],
  "small_island": [
    -512,
    -512,
    0
  ],
  "Utah": [
    -1024,
    -1024,
    100.207001
  ],
  "west_coast_usa": [
    -1023.5,
    -1023.5,
    0
  ]
}